vocablo,hiperonimo
abanico,Aparato
abarrotero,Persona
abasto,Lugar
abatir,Hacer
ablandar,Hacer
abogado,Persona
abombar,Hacer
abono,Boleto
abrazadera,Pieza
abridor,Instrumento
absorbencia,Capacidad
absurdo,Razonamiento
abultamiento,Prominencia
abuso,Acto
abuso,Delito
acahual,Vegetación
acaparador,Persona
acarreo,Impulso
accesión,Derecho
acción,Documento
aceitero,Recipiente
acento,Rasgo
acento,Énfasis
acercar,Hacer
acertar,Lograr
acerácea,Familia
acitrón,Dulce
aclaración,Explicación
aclimatar,Hacer
acogida,Recibimiento
acogido,Persona
acomodar,Lograr
acompañante,Persona
acorralar,Impedir
acortar,Hacer
acotación,Señal
acrecer,Lograr
acróbata,Persona
activación,Acción
activar,Hacer
actividad,Capacidad
acto,Número
actor,Persona
actriz,Mujer
actuario,Persona
actuaría,Disciplina
acuarela,Pintura
acueducto,Conducto
acuerdo,Resolución
acusador,Persona
acusar,Avisar
acólito,Niño
adalid,Persona
adaptabilidad,Capacidad
adaptador,Persona
adepto,Persona
aderezar,Hacer
aderezo,Cosa
adherencia,Fuerza
adherencia,Propiedad
adhesivo,Sustancia
adición,Operación
aditivo,Sustancia
adivinación,Facultad
administración,Lugar
administrador,Persona
admirador,Persona
admitir,Permitir
adolescente,Persona
adormecer,Hacer
adormilar,Hacer
adorno,Cosa
adquisición,Cosa
aducción,Movimiento
adulto,Persona
adverbio,Palabra
advertencia,Aviso
aeropirata,Persona
aerosol,Dispositivo
afanador,Persona
afear,Hacer
afectación,Efecto
aficionar,Hacer
afijo,Morfema
afirmación,Declaración
afirmar,Decir
afluente,Calle
aforo,Cálculo
afrenta,Ofensa
agachado,Persona
agaricácea,Hongo
agencia,Oficina
agente,Persona
agilizar,Hacer
agiotista,Persona
agitador,Persona
agonía,Estado
agostadero,Terreno
agradar,Hacer
agraviado,Persona
agregado,Persona
agriar,Hacer
agricultor,Persona
agronomía,Disciplina
agrónomo,Persona
agua,Loción
aguada,Color
aguafuerte,Impresión
aguamielero,Persona
aguante,Capacidad
aguinaldo,Regalo
agujero,Abertura
agüero,Señal
ahogar,Impedir
ahorcado,Juego
ahualulco,Lengua
ahuyentar,Hacer
aire,Ambiente
aire,Gas
ajedrez,Juego
ajetrear,Hacer
ajustar,Hacer
alambique,Aparato
alambre,Platillo
alargar,Hacer
albumen,Tejido
albur,Apuesta
alcahuete,Persona
alcaide,Hombre
alcancía,Depósito
alcancía,Dinero
alcoholato,Preparación
alcohólico,Persona
alegrar,Hacer
alejar,Hacer
alerta,Expresión
alfarero,Persona
alfarería,Lugar
algodonero,Persona
algodón,Árbol
aliado,Persona
alianza,Unión
aliento,Aire
aliento,Olor
aligerar,Hacer
alineamiento,Línea
alistar,Hacer
almacén,Caja
almendra,Semilla
almohadilla,Cojincillo
almuerzo,Comida
alojamiento,Lugar
alpaca,Tela
alpinismo,Deporte
alpinista,Persona
alquiler,Precio
alquimista,Persona
alrededor,Lugar
alrededor,Lugares
altar,Lugar
alterar,Hacer
alteza,Tratamiento
alto,Hacer
alucinación,Cosa
alumno,Persona
alzado,Caballo
alzado,Persona
amacizar,Hacer
amado,Persona
amago,Acción
amalgamación,Proceso
amante,Cable
amante,Persona
amargo,Licor
amarra,Nudo
amarrar,Impedir
amateur,Persona
amazona,Mujer
ambiente,Comunidad
ambiente,Ánimo
ambiguo,Género
amigo,Palabra
amigote,Amigo
amo,Mujer
amolar,Locuciones
anaerobio,Microorganismo
analgésico,Medicamento
analista,Persona
analítico,Lengua
andrógeno,Hormona
anemómetro,Instrumento
anestesia,Medicamento
anfípodo,Orden
angina,Enfermedad
angiosperma,Clase
anhídrido,Compuesto
anillo,Cornisa
anillo,Imán
anillo,Moldura
animador,Persona
animal,Aquél
animal,Ser
anona,Planta
anotador,Jugador
antecedente,Comportamiento
antecesor,Persona
antecámara,Habitación
anteojos,Armazón
antepecho,Muro
anticipo,Adelanto
anticongelante,Sustancia
anticuerpo,Proteína
antifonal,Libro
antihistamínico,Sustancia
antirreumático,Sustancia
antiséptico,Sustancia
antitetánico,Medicamento
antropología,Ciencia
antropólogo,Persona
antídoto,Sustancia
antólogo,Persona
anular,Impedir
anunciador,Persona
anélido,Fílum
anónimo,Mensaje
apagar,Hacer
apapachar,Hacer
aparecer,Hacer
aparecido,Muerto
aparejo,Equipo
apariencia,Aspecto
apartado,Operación
apenar,Hacer
aperos,Lugar
apiario,Caja
apicultor,Persona
aplacar,Hacer
aplanadora,Máquina
aplauso,Ruido
aplicación,Adorno
aplicado,Persona
apologista,Persona
apoyo,Leche
aprendiz,Persona
apresar,Impedir
apretar,Hacer
apretura,Estrechez
aprobado,Persona
aprobar,"Autorizar,"
aprovechamiento,Ingresos
aptitud,Cualidad
apurar,Hacer
apéndice,Cosa
apéndice,Sección
apócope,Palabra
apóstata,Persona
aquí,Indica
archivista,Persona
archivo,Lugar
arco,Arma
arco,Construcción
arete,Adorno
argumentista,Persona
argumento,Razonamiento
argón,Gas
arista,Filo
arista,Pajilla
arlequín,Persona
armador,Persona
armario,Mueble
armazón,Estructura
armonizar,Hacer
aro,Juego
aro,Objeto
arpón,Instrumento
arqueología,Disciplina
arquero,Persona
arqueólogo,Persona
arquitecto,Persona
arraigo,Fianza
arraigo,Obligación
arrancador,Dispositivo
arrastre,Espacio
arrastre,Molino
arreador,Vaquero
arrear,Hacer
arreglo,Adorno
arrendamiento,Adiestramiento
arrendamiento,Precio
arriar,Dejar
arriero,Persona
arriesgue,Riesgo
arrimado,Persona
arrojadizo,Aquella
arsenal,Lugar
arte,Actividad
artesano,Persona
artiodáctilo,Orden
artista,Persona
artículo,Aquel
artículo,Escrito
artículo,Palabra
artífice,Persona
arzobispo,Obispo
arácnido,Artrópodo
asado,Guiso
asalariado,Persona
asaltante,Persona
ascenso,Aumento
asceta,Persona
ascomiceto,Clase
ascomiceto,Hongo
ascórbico,Vitamina
aseguradora,Compañía
asegurar,Hacer
asegurar,Revisar
asentamiento,Consignación
aserrado,Corte
aserto,Afirmación
asesor,Persona
aseveración,Afirmación
asiento,Anotación
asignatura,Materia
asilo,Establecimiento
asilo,Inmunidad
asistente,Persona
asma,Enfermedad
aspirador,Aparato
aspiradora,Aparato
aspirante,Persona
astillero,Taller
astro,Hombre
astronauta,Persona
astronomía,Ciencia
astrólogo,Persona
astrónomo,Persona
asunción,Proposición
atacante,Persona
atajo,Pared
atención,Hacer
atentado,Acción
ateo,Persona
atiesador,Placa
atinar,Lograr
atleta,Persona
atracción,Fuerza
atrasar,Hacer
atropellado,Persona
atropellar,Causar
audición,Presentación
audiencia,Entrevista
audiencia,Público
audio,Dispositivo
aula,Salón
aumentar,Hacer
aumento,Proceso
australopiteco,Fósil
autocrítica,Crítica
autoestima,Aprecio
automovilismo,Deporte
automovilista,Persona
autonomía,Capacidad
autonomía,Facultad
autor,Persona
autoridad,Persona
autoridad,Principio
autorretrato,Retrato
autómata,Mecanismo
autómata,Persona
auxilio,Ayuda
aval,Persona
avalúo,Valor
avenida,Creciente
aventador,Instrumento
aventurero,Persona
average,Promedio
averiguar,Tener
aviador,Persona
aviador,Tinacal
aviadora,Gorra
avío,Préstamo
axioma,Principio
ayudado,Pase
ayudante,Persona
azteca,Grupo
añejar,Dejar
añil,Sustancia
año,Tiempo
baba,Saliva
bachiller,Persona
bachillerato,Grado
bacteriólogo,Persona
bailarín,Persona
baile,Demostrar
bajada,Lugar
bajar,Hacer
balance,Consideración
balanceado,Dieta
balancear,Hacer
balastra,Dispositivo
balero,Aquel
baluarte,Fortificación
banca,Lugar
banco,Institución
banco,Organismo
banda,Cinta
bandera,Planta
banderazo,Señal
bandido,Persona
baqueta,Vara
barandilla,Lugar
barba,Carnosidad
barbaridad,Exclamación
barbecho,Campo
barbitúrico,Medicamento
barniz,Sustancia
barreno,Agujero
barricada,Barrera
barrote,Palo
barítono,Persona
barómetro,Instrumento
basta,Atadura
basta,Orificio
bastardo,Hijo
basto,Sistema
basura,Cosa
basílica,Iglesia
bateo,Cifra
batiente,Madero
baño,Capa
baño,Hacer
baño,Procedimiento
bebedero,Depósito
bebedizo,Líquido
beber,Hacer
bebida,Líquido
becario,Persona
becerro,Toro
becuadro,Signo
beisbolista,Persona
belleza,Cualidad
bemol,Signo
bendito,Expresión
beneficencia,Institución
beneficiario,Persona
berberidácea,Familia
beriberi,Enfermedad
bestia,Persona
bibliografía,Disciplina
bien,Propiedad
bignoniácea,Familia
bigote,Pelo
bioestadística,Disciplina
biología,Ciencia
bioquímica,Ciencia
bioquímico,Persona
bisoñé,Peluca
biógrafo,Persona
biólogo,Persona
blanco,Memoria
blanco,Parte
blanco,Persona
blanqueador,Sustancia
blanquear,Hacer
bloquear,Impedir
boca,Afirmar
boca,Aparentar
boca,Persona
bocadillo,Papel
bocina,Aparato
bocio,Enfermedad
bolero,Hombre
boliche,Juego
bolo,Juego
bolsa,Hacer
bolsa,Objeto
bolsa,Organización
bolsa,Turbulencia
bomba,Arma
bomba,Máquina
bombardeo,Aquel
bombero,Persona
bono,Documento
borla,Utensilio
borrachera,Exaltación
borracho,Dulce
borrar,Hacer
bota,Calzado
botar,Hacer
bote,Salto
botella,Recipiente
botánico,Persona
botín,Zapato
bovino,Subfamilia
box,Deporte
boxeador,Persona
braza,Cabo
breva,Higuera
briago,Persona
brigadier,Militar
brillo,Luz
brindis,Elogio
brocal,Cerco
brocheta,Platillo
bronce,Metal
bronconeumonía,Infección
brujo,Persona
brújula,Instrumento
buceador,Persona
bueno,Expresión
bufón,Persona
bula,Carta
bulbo,Aparato
bulto,Terreno
bulto,Volumen
buscador,Persona
buscapiés,Cohete
buzo,Persona
báscula,Instrumento
bísquet,Bizcocho
búfalo,Bisonte
caballero,Hombre
caballista,Persona
caballo,Contraseña
caballo,Pañal
cabecilla,Persona
cabellera,Nebulosidad
cabeza,Hacer
cabezazo,Golpe
cabida,Espacio
cabo,Cuerda
cabrón,Hombre
cacao,Grasa
cacaotero,Persona
cacarizo,Persona
cacique,Persona
cadena,Relación
caer,Sorprenderlo
cafetera,Jarra
cafetero,Persona
cafetería,Establecimiento
café,Bebida
caimán,Herramienta
caja,Aparato
caja,Cavidad
caja,Espacio
caja,Instrumento
caja,Parte
caja,Surco
cajete,Hueco
calado,Labor
calavera,Hoyo
caldo,Hacer
caldo,Líquido
calentador,Aparato
calentador,Filamento
calificación,Aprobación
calificativo,Vocablo
callar,Hacer
calmar,Hacer
calor,Temperatura
cama,Tener
camarada,Persona
camarero,Persona
camarero,Sirviente
camarógrafo,Persona
cambio,Control
cambio,Dinero
camellón,Banqueta
camellón,Lomo
camionero,Persona
camiseta,Lealtad
campamocha,Capullo
campana,Juego
campero,Persona
campesino,Persona
campo,Espacio
campo,Lugar
campo,Terreno
canastilla,Armazón
cancionero,Persona
cancionista,Persona
canción,Composición
candidato,Persona
candidatura,Propuesta
canijo,Expresión
cantante,Persona
cantera,Piedra
cantidad,Propiedad
cantor,Persona
canutillo,Puntada
caníbal,Persona
capacidad,Espacio
capilaridad,Fenómeno
capirotada,Postre
capitalista,Persona
capitanía,Edificio
capitán,Persona
caporal,Persona
capturista,Persona
capullo,Flor
caqui,Árbol
caracol,Expresión
carbonato,Remedio
carbonero,Persona
carburante,Sustancia
carbón,Hongo
carda,Máquina
careta,Cubierta
carga,Actividad
carga,Necesidad
carga,Peso
cargador,Persona
caribe,Pueblo
caricatura,Dibujo
carnicero,Persona
carnicería,Lugar
carnosidad,Carne
carnívoro,Orden
carpintero,Persona
carpintería,Oficio
carpintería,Taller
carretada,Carga
carretero,Caballo
carretero,Persona
carretilla,Utensilio
carrizal,Terreno
cartel,Convenio
cartelera,Armazón
cartera,Estuche
cartera,Valores
carterista,Ladrón
cartesiano,Línea
casa,Día
casa,Lugar
casa,Vivienda
casaca,Vestido
casar,Hacer
cascarón,Bóveda
caseta,Cabina
casquete,Semiesfera
castellanización,Proceso
castigar,Hacer
catalizador,Sustancia
catarrino,Simio
catarro,Enfermedad
catecismo,Texto
categoría,Clase
catgut,Hilo
catástrofe,Situación
católico,Persona
caudillo,Persona
causante,Persona
causar,Hacer
caña,Aguardiente
cañero,Persona
cebo,Alimento
cebo,Objeto
ceder,Dejar
celebrante,Persona
celestina,Mujer
cementerio,Lugar
cemento,Materia
cemento,Sustancia
censor,Oficial
censor,Persona
centavo,"Moneda,"
centellografía,Técnica
centena,Número
centro,Objeto
centro,Punto
centrífuga,Máquina
centurión,Oficial
cera,Membrana
cera,Sustancia
cercanía,Lugares
cernidor,Utensilio
cero,Calificación
cerrada,Calle
cerrajero,Persona
cerrajería,Lugar
cerrojo,Mecanismo
cervecería,Establecimiento
cervecería,Lugar
cestería,Artesanía
cestería,Lugar
ceño,Contracción
chacal,Ladrón
chacal,Persona
chachalaca,Persona
chambeador,Persona
chaneque,Ser
chanza,Broma
charlatán,Persona
charro,Jinete
charro,Persona
charrúa,Persona
chavo,Lesbiana
chicharrero,Ladrón
chicle,Pastilla
chilaquiles,Guiso
chillón,Persona
chinesco,Espectáculo
chismoso,Persona
chispa,Expresión
chivato,Chivo
chivo,Animal
chivo,La(s)
chocar,Hacer
chocolate,Bebida
chofer,Persona
chueco,Persona
chuj,Lengua
chumacera,Pieza
chupador,Persona
cháfara,Mercancía
ciclista,Persona
cielo,Espacio
científico,Persona
cimbrar,Hacer
cinco,Número
cine,Técnica
cineasta,Persona
cintarazo,Golpe
cinturón,Instrumento
ciperácea,Familia
circuito,Camino
circuito,Daño
circulación,Hacer
circulación,Permiso
cisma,División
citoplasma,Sustancia
ciudad,Lugar
clamor,Ruido
claridad,Efecto
clarín,Persona
clase,Categoría
clase,Lección
clasificación,Operación
clavadista,Persona
clavariácea,Hongo
clave,Símbolo
clavecinista,Persona
clavo,Callosidad
cliché,Idea
cliente,Persona
climatología,Ciencia
club,Asociación
club,Establecimiento
club,Local
clutch,Dispositivo
clásico,Persona
clínica,Establecimiento
clínico,Médico
coacción,Acción
coach,Persona
cobertor,Cobija
cobertura,Capa
cobertura,Área
cobrador,Persona
cobranza,Proceso
cobrar,Hacer
coccidiocida,Sustancia
cochino,Ahorro
cocido,Platillo
cociente,Número
cocimiento,Líquido
cocimiento,Proceso
cocina,Lugar
cocina,Persona
cocinero,Persona
cocol,Rombo
codazo,Golpe
codeína,Alcaloide
cojín,Tejido
cola,Extremidad
cola,Persona
colaborador,Persona
colado,Persona
colcha,Cubierta
coleccionista,Persona
colegiatura,Cantidad
colgajo,Objeto
colinesterasa,Enzima
collar,Anillo
colofón,Nota
colorante,Sustancia
colorímetro,Instrumento
colostomía,Operación
columnista,Periodista
comadre,Mujer
comadrona,Mujer
comandante,Militar
comandante,Persona
combatiente,Persona
combinar,Hacer
combretácea,Familia
comediante,Actor
comediante,Persona
comensal,Organismo
comentario,Observación
comentarista,Persona
comer,Hacer
comerciante,Persona
comezón,Inquietud
comisario,Persona
comisionado,Persona
comisionista,Persona
comisura,Tejido
compactación,Operación
compadrazgo,Relación
compadre,Hombre
comparabilidad,Posibilidad
comparativo,Aquellos
comparsa,Persona
compañero,Objeto
compañero,Persona
compensación,Cosa
competencia,Oposición
competidor,Persona
competitividad,Capacidad
complicar,Hacer
complicidad,Relación
componedor,Persona
componer,Hacer
compositor,Persona
comprador,Persona
comprar,Hacer
comprar,Lograr
compraventa,Actividad
compresión,Fuerza
compresión,Presión
compresor,Bomba
comprobante,Documento
compromiso,Obligación
computador,Aparato
compás,Brújula
compás,Instrumento
compás,Ángulo
comunicar,Hacer
comunismo,Doctrina
concejal,Persona
concejo,Conjunto
concesión,Permiso
concha,Aquella
conciencia,Facultad
conciencia,Hacer
conciliación,Acuerdo
conciliar,Hacer
conciliar,Persona
concubina,Mujer
concurrencia,Competencia
concursante,Persona
condenado,Persona
condensador,Aparato
condensador,Dispositivo
condicionar,Hacer
condición,Circunstancia
condición,Situación
condimento,Sustancia
condolencia,Testimonio
conducir,Hacer
conductor,Material
conductor,Persona
conecte,Relación
conferenciante,Persona
conferencista,Persona
confesión,Declaración
confesor,Cristiano
confidencia,Participación
conformar,Hacer
confort,Comodidad
confín,Región
congelador,Aparato
congresista,Persona
conjetura,Deducción
conjuntar,Lograr
conjurado,Persona
conmutación,Procedimiento
cono,Superficie
conocedor,Persona
conque,Indica
conquista,Lograr
conquistador,Persona
consagrar,Hacer
conscripto,Hombre
consejero,Aquello
consejero,Persona
consejo,Tribunal
conserje,Persona
conservador,Sustancia
consigna,Orden
consistencia,Cualidad
consola,Mesa
consola,Mueble
consonante,Letra
constante,Elemento
constante,Valor
constitucionalismo,Movimiento
consulado,Oficina
consulta,Examen
consumidor,Persona
contacto,Persona
contacto,Relación
contador,Persona
contaduría,Profesión
contagiar,Hacer
contaminar,Hacer
contemporáneo,Persona
contenido,Cosa
conteo,Cuenta
contingencia,Accidente
continuismo,Tendencia
contrabajo,Persona
contrabandista,Persona
contragolpe,Golpe
contramarco,Marco
contrapeso,Peso
contrariedad,Situación
contraste,Diferencia
contratiempo,Nota
contrayente,Persona
contribución,Dinero
contribución,Objeto
contribuyente,Persona
contrincante,Persona
control,Dispositivo
control,Medida
controlar,Hacer
controversia,Enfrentamiento
convencionalismo,Doctrina
convención,Acuerdo
convento,Edificio
convertir,Hacer
conífera,Clase
coordinación,Relación
coordinador,Persona
copa,Carta
copia,Ejemplar
cople,Pieza
coproducto,Producto
copépodo,Clase
corazón,Carta
corchea,Nota
corchete,Signo
corcho,Árbol
cordado,Metazoario
coreano,Gorra
coreano,Lengua
coreógrafo,Persona
corifeo,Bailarín
corifeo,Persona
corimbo,Inflorescencia
cornezuelo,Hongo
cornudo,Hombre
coro,Lugar
corolario,Proposición
corona,Aro
corrección,Indicación
correctivo,Agente
correctivo,Castigo
corredor,Persona
corregir,Hacer
correlación,Relación
correo,Servicio
correr,Hacer
corresponsabilidad,Responsabilidad
corresponsal,Periodista
corrida,Carrera
corrida,Fiesta
corriente,Tendencia
corromper,Hacer
corsetero,Persona
corsetería,Lugar
corso,Campaña
corso,Permiso
corta,Dinero
cortador,Máquina
cortador,Persona
cortadura,Abertura
cortafrío,Cincel
cortar,Impedir
corte,Lugar
cortejo,Conducta
cortesía,Favor
corticoesteroide,Hormona
cortocircuito,Daño
cosecha,Producto
cosmonauta,Persona
costura,Actividad
costurera,Mujer
cotización,Cuota
coto,Impedir
coyote,Persona
coyuntura,Situación
coz,Golpe
crear,Hacer
credencial,Documento
crepúsculo,Claridad
creyente,Persona
criadero,Lugar
criado,Persona
criador,Persona
crianza,Alimentación
crianza,Educación
criminal,Persona
criptógama,Planta
crisol,Depósito
cristal,Forma
cristero,Persona
cronista,Persona
cronología,Disciplina
crucigrama,Entretenimiento
crustáceo,Clase
cruzado,Guerrero
cruzado,Persona
crácido,Familia
crédito,Reconocimiento
crédito,Valor
crítico,Persona
cuadrado,Número
cuadrante,Tablero
cuadril,Hueso
cuadrúpedo,Animal
cuajo,Sustancia
cualidad,Virtud
cuanto,Indica
cuarto,Expresión
cuarto,Habitación
cuarto,Libro
cuate,Persona
cuatro,Número
cubero,Persona
cubo,Número
cucapá,Lengua
cuelga,Regalo
cuentista,Ladrón
cuentista,Persona
cuerdo,Persona
cuero,Piel
cuerpo,Hacer
cueva,Lugar
cuidado,Preocupación
cuidador,Persona
culatazo,Golpe
culebra,Familia
culero,Persona
culpar,Decir
culícido,Mosco
curandero,Persona
curia,Conjunto
curiosidad,Cuidado
curso,Hacer
curtidor,Persona
curva,Línea
custodio,Persona
cuyo,Indica
cuáquero,Persona
cálculo,Previsión
cámara,Aparato
cáncer,Enfermedad
cáncer,Mal
cápsula,Envoltura
cárcel,Lugar
cáñamo,Fibra
cédula,Documento
cómo,Señala
cómplice,Persona
cópula,Verbo
dama,Actriz
dama,Mujer
damnificado,Persona
danzante,Persona
dar,Hacer
deber,Aquello
debutante,Persona
decepción,Desengaño
decibel,Unidad
decidir,Hacer
decir,Frase
declarante,Persona
declive,Inclinación
decolorante,Sustancia
decorador,Persona
decremento,Disminución
decápodo,Crustáceo
defensor,Persona
defeño,Persona
definición,Decisión
deformidad,Deformación
dejar,Hacer
dejar,Permitir
delantero,Pieza
delator,Persona
delicia,Hacer
delincuente,Persona
demagogo,Persona
demandante,Persona
demografía,Disciplina
demostrar,Probar
demócrata,Persona
demógrafo,Persona
denominador,Rasgo
dentista,Médico
departamental,Almacén
dependiente,Empleado
dependiente,Persona
deportista,Persona
deprimir,Hacer
depósito,Objeto
derechazo,Golpe
derecho,Ciencia
derecho,Facultad
derecho,Punto
derivado,Palabra
derivado,Producto
derrame,Sangre
derrota,Dirección
derrota,Tendencia
desactivar,Impedir
desaguar,Hacer
desajuste,Efecto
desaparecer,Hacer
desarmador,Herramienta
desarraigar,Hacer
desarreglar,Hacer
desarrollar,Hacer
desastre,Acontecimiento
desbaratar,Hacer
descarrilar,Hacer
descomponer,Hacer
descompostura,Falla
desconocer,Negar
descontrolar,Hacer
descripción,Relato
descubierto,Deuda
descuento,Cantidad
desdicha,Acontecimiento
desdichado,Persona
desdén,Pase
desecho,Aquello
desempleado,Persona
desencantar,Hacer
desengañar,Hacer
desengaño,Impresión
desenrollar,Hacer
desentendido,Fingir
deseo,Impulso
desequilibrar,Hacer
desestabilizar,Hacer
desgastar,Hacer
deshonra,Acto
deshumanización,Proceso
desierto,Región
desinfectante,Sustancia
desinflamar,Hacer
deslucir,Hacer
desnaturalizar,Hacer
desocupado,Persona
desodorante,Sustancia
desorientar,Hacer
despachador,Persona
despensa,Lugar
desperdiciar,Dejar
desperdicio,Parte
despertar,Hacer
desplegado,Escrito
despoblar,Hacer
desquiciar,Hacer
destapador,Utensilio
destino,Fuerza
desviar,Hacer
detective,Aquel
detective,Persona
detector,Aparato
detener,Hacer
determinación,Decisión
deuda,Obligación
dextrosa,Azúcar
diablito,Conexión
diafragma,Dispositivo
diapasón,Instrumento
dibujante,Persona
dibujo,Figura
dibujo,Figuras
dictado,Discurso
dictador,Persona
diente,Aquel
dieta,Pago
diez,Número
diezmo,Dinero
diezmo,Impuesto
diferencial,Operación
difundir,Hacer
difunto,Persona
dignatario,Persona
dilatador,Músculo
diminutivo,Palabra
dinamo,Máquina
dinosaurio,Persona
diplomacia,Disciplina
diplomacia,Habilidad
diplomático,Persona
dique,Muro
dirección,Oficina
director,Persona
directriz,Idea
dirigente,Persona
disciplina,Comportamiento
diseñador,Persona
disimular,Hacer
disipar,Hacer
disparador,Dispositivo
disparar,Hacer
dispersar,Hacer
dispositivo,Aparato
distancia,Diferencia
distancia,Separación
distinción,Diferencia
distinción,Reconocimiento
distingo,Diferencia
distinguir,Hacer
distracción,Actividad
distraer,Hacer
diurético,Medicamento
divergencia,Diferencia
diversificar,Hacer
diversión,Actividad
dividir,Hacer
divisor,Número
divorciado,Persona
diámetro,Recta
dióxido,Compuesto
dobladillo,Doblez
doblamiento,Ornamento
doble,Cantidad
doble,Persona
doblez,Parte
doce,Número
doctor,Persona
doctrina,Plática
documento,Escrito
dogma,Verdad
doliente,Persona
domador,Persona
domar,Hacer
domesticar,Hacer
domicilio,Dato
dominio,Facultad
dominio,Poder
domo,Tapón
dorado,Militar
dormir,Hacer
dos,Número
dosímetro,Instrumento
dragón,Soldado
drenaje,Operación
droga,Sustancia
drogar,Hacer
dualismo,Doctrina
ducha,Baño
dulce,Golosina
dulcería,Lugar
duquesa,Mujer
débil,Persona
déspota,Gobernante
día,Saludo
día,Tiempo
díptero,Insecto
e,Forma
ebanistería,Carpintería
echar,Hacer
echar,Motivar
eclesiástico,Persona
eclipse,Ocultación
eco,Sonido
economista,Persona
economía,Ciencia
ecólogo,Persona
edad,Etapa
edad,Persona
edad,Tiempo
edafología,Ciencia
edicto,Aviso
editor,Persona
editorial,Empresa
educando,Persona
efervescencia,Propiedad
eficiencia,Relación
egresado,Persona
eje,Barra
eje,Recta
ejecutado,Persona
ejecutante,Persona
ejecutivo,Persona
ejemplo,Expresión
el,Indica
elasticidad,Propiedad
elector,Persona
electricista,Persona
electrolito,Sustancia
elevador,Aparato
elevar,Hacer
eliminador,Dispositivo
eliminar,Hacer
elongación,Ángulo
elíxir,Medicamento
embajada,Mensaje
embajador,Persona
embarazar,Hacer
embargo,Prohibición
emblema,Figura
embocadura,Gusto
emborrachar,Hacer
embotar,Hacer
embrague,Dispositivo
embrujar,Hacer
embrujar,Lograr
embute,Soborno
embutido,Alimento
emigrante,Persona
eminencia,Persona
emisor,Aparato
emisora,Estación
empapar,Hacer
emparejar,Hacer
empequeñecer,Hacer
empeño,Lugar
emplazamiento,Lugar
empleado,Persona
empotrar,Hacer
empréstito,Préstamo
empujar,Hacer
empuje,Fuerza
en,Indica
enamorado,Persona
enarcar,Hacer
enardecer,Hacer
encabezado,Título
encadenado,Estrofa
encadenamiento,Fenómeno
encaje,Depósito
encantador,Persona
encapuchado,Persona
encarcelado,Persona
encargado,Funcionario
encargado,Persona
encendedor,Utensilio
encender,Hacer
enchilada,Creer
encuestador,Persona
endemia,Enfermedad
enderezar,Hacer
endocardio,Membrana
endrogar,Hacer
endulzador,Sustancia
endurecer,Hacer
enemistar,Hacer
energúmeno,Persona
enervante,Sustancia
enfadar,Hacer
enfermero,Persona
enfocar,Hacer
engomado,Etiqueta
engorro,Molestia
engráulido,Familia
enigma,Pregunta
enlace,Lugar
enlace,Persona
enloquecer,Hacer
enojar,Causar
enrarecer,Hacer
enredo,Conflicto
enredo,Nudo
enrollamiento,Forma
enroscar,Hacer
ensalada,Platillo
enseñanza,Cosa
enseñar,Hacer
ensuciar,Hacer
entallar,Hacer
ente,Aquello
entender,Hacer
entender,Lograr
entendido,Persona
entendimiento,Comprensión
enterado,Persona
enterar,Hacer
entierro,Sitio
entorpecer,Hacer
entrada,Vocablo
entre,Indica
entrecruzar,Hacer
entregar,Hacer
entrenador,Persona
entretener,Hacer
entrevistado,Persona
entrevistador,Persona
enunciado,Expresión
enviado,Persona
enviar,Hacer
envilecer,Hacer
envolver,Lograr
epidemia,Enfermedad
epifita,Planta
episcopado,Tiempo
epopeya,Poema
epígrafe,Escrito
epílogo,Acontecimiento
epíteto,Calificativo
equilibrista,Persona
ermitaño,Persona
erosión,Desgaste
erudito,Persona
eréctil,Incapacidad
esbirro,Persona
escala,Proporción
escape,Actividad
escape,Dispositivo
esciófita,Planta
esclavo,Persona
escolástica,Filosofía
escondidas,Juego
escoria,Material
escote,Corte
escriba,Persona
escrito,Cosa
escritor,Persona
escritura,Sistema
escroto,Piel
escrúpulo,Limitación
escrúpulo,Temor
escuadra,Instrumento
escucha,Persona
escudo,Cosa
escuela,Establecimiento
escultor,Persona
escurridor,Objeto
escómbrido,Pez
esdrújula,Palabra
esfera,Campo
esgrima,Deporte
esgrimista,Persona
espacio,Extensión
espada,Arma
espada,Carta
espadazo,Robo
espadero,Ladrón
espantar,Hacer
especialista,Persona
espectador,Persona
espectro,Dispersión
especulador,Persona
espeleología,Ciencia
esperar,Creer
espesar,Hacer
espionaje,Vigilancia
espiral,Cuerpo
espiritismo,Doctrina
espiritualidad,Carácter
esponjar,Hacer
espía,Persona
esquiador,Persona
esquina,Lugar
esquizonte,Individuo
estabilizar,Hacer
establecer,Hacer
estaca,Palo
estadio,Lugar
estadista,Persona
estafador,Persona
estallido,Ruido
estampador,Persona
estancar,Impedir
estante,Parte
estatua,Escultura
estela,Señal
esteticismo,Postura
esteticista,Persona
estima,Cálculo
estimación,Sentimiento
estimulante,Sustancia
estimular,Hacer
estirar,Hacer
estofado,Guiso
estratega,Persona
estrella,Persona
estrellarse,Hacer
estribillo,Frase
estribo,Muchacho
estrigiforme,Ave
estro,Inspiración
estro,Parásito
estroboscopio,Aparato
estructura,Armadura
estudiante,Persona
estupidez,Tontería
estupor,Asombro
estática,Ruido
estático,"Inmóvil,"
estímulo,Aquello
eufemismo,Palabra
evangelista,Persona
evangelizador,Persona
evasor,Persona
exacerbar,Hacer
examen,Prueba
examinador,Persona
exasperar,Hacer
excentricidad,Posición
excitabilidad,Capacidad
excitar,Hacer
excursionista,Persona
excursión,Paseo
excéntrico,Mecanismo
exhalación,Aire
exhalación,Gas
eximir,Permitir
existencia,Tiempo
expectorante,Medicamento
expendio,Lugar
expensas,Costos
explorador,Persona
explotador,Persona
exposición,Tiempo
expositor,Persona
expresar,Hacer
expresividad,Capacidad
extender,Hacer
extinguidor,Aparato
extinguir,Hacer
extra,Actor
extracto,Producto
extremidad,Miembro
fabricante,Persona
facialista,Persona
facilidad,Condiciones
factor,Cantidad
factor,Elemento
factorial,Producto
factura,Documento
fagocitosis,Propiedad
fagáceo,Familia
fajina,Comida
falda,Corte
falla,Rotura
familiarizar,Hacer
fanerógama,Planta
fantasma,Pueblo
fantasía,Capacidad
fanático,Persona
farmacia,Disciplina
farmacéutica,Empresa
farmacéutico,Persona
farol,Lámpara
fe,"Certificar,"
fe,Creencia
fe,Documento
fecundar,Hacer
felicitación,Mensaje
feligrés,Persona
femenino,Género
feminista,Persona
fenología,Ciencia
fenomenología,Ciencia
ferrocarrilero,Persona
ferry,Barco
fertilidad,Capacidad
feudo,Territorio
fiador,Correa
fianza,Garantía
fibrina,Proteína
ficción,Prescripción
fichera,Mujer
ficomiceto,Subclase
fideicomiso,Organismo
fiel,Aguja
fiel,Personas
fierro,Marca
fijador,Objeto
fijador,Sustancia
filatelista,Persona
filete,Borde
filo,Ratero
filología,Ciencia
filosofía,Disciplina
filtro,Dispositivo
filólogo,Persona
filósofo,Persona
fin,Objetivo
fin,Periodo
finado,Persona
finalista,Persona
financiera,Compañía
financiero,Persona
finlandés,Lengua
finta,Movimiento
firmamento,Aspecto
fiscal,Persona
fiscalizar,Vigilar
fisiografía,Ciencia
fisonomía,Aspecto
flan,Postre
flanco,Orden
flash,Dispositivo
flecha,Eje
flete,Precio
flotador,Dispositivo
fluctuación,Diferencia
fluidez,Capacidad
fluidez,Propiedad
foco,Punto
fogata,Fuego
foguear,Hacer
folklore,Disciplina
fondo,Dinero
forajido,Delincuente
forastero,Persona
formador,Oficial
formato,Forma
fosa,Agujero
fosa,Cavidad
fotocopiadora,Establecimiento
fototactismo,Movimiento
fotógrafo,Persona
fracción,Cifra
fractura,Rotura
franquicia,Derecho
frase,Enunciado
frase,Expresión
fregada,Expresar
frenar,Hacer
frenar,Impedir
fresa,Herramienta
fricción,Fuerza
frito,Lograr
frontal,Tela
frontenis,Deporte
frontera,Límite
fructosa,Azúcar
frustrar,Impedir
frutero,Persona
fruticultor,Agricultor
fuelle,Capacidad
fuelle,Utensilio
fuereño,Persona
fuerza,Acción
fuerza,Capacidad
fulgor,Brillo
funcionario,Persona
fundación,Fondo
fundador,Persona
fundición,Fábrica
fundición,Operación
funeraria,Empresa
fusil,Arma
fusión,Cambio
fuste,Armazón
futbol,Deporte
futbolista,Persona
fábrica,Establecimiento
física,Ciencia
físico,Persona
gabardina,Abrigo
galardón,Premio
gallero,Hombre
gallinero,Lugar
gallinácea,Orden
gallito,Hombre
gallito,Juguete
gallo,Flema
gallo,Mechón
gambusino,Persona
gammagrama,Estudio
ganadero,Persona
ganga,Cosa
ganga,Material
ganso,¡Claro
garabato,Dibujo
garabato,Palo
garantía,Seguridad
garita,Caseta
garrote,Instrumento
garrucha,Polea
gas,Aquel
gasolinera,Lugar
gata,Mujer
gato,Juego
gato,Signo
gavilán,Borde
gel,Forma
genealogía,Documento
generador,Máquina
generatriz,Máquina
genialidad,Acto
gentilicio,Palabra
geofísica,Ciencia
geofísico,Persona
geografía,Ciencia
geología,Ciencia
gerente,Persona
geógrafo,Persona
geólogo,Persona
giba,Abultamiento
gimnasta,Persona
girar,Hacer
giro,Vuelta
giróscopo,Disco
giróstato,Dispositivo
gladiador,Hombre
glosa,Versos
glucagón,Hormona
glándula,Cualquiera
glóbulo,Célula
gobernador,Persona
gobernadora,Mujer
golf,Juego
golfa,Mujer
golfo,Hombre
gorila,Militar
gota,Forma
gozne,Articulación
gozne,Dispositivo
grabador,Persona
gradiente,Variación
grafismo,Trazo
gramema,Morfema
gramático,Persona
gramínea,Familia
granero,Lugar
granjero,Persona
granuja,Persona
granulocito,Célula
grapa,Úlcera
gratitud,Sentimiento
gravamen,Costo
gravar,Hacer
greca,Adorno
griego,Lengua
grifo,Conducto
grillo,Persona
griterío,Confusión
gritón,Persona
grrr,Onomatopeya
grumete,Joven
gruta,Cavidad
gruñido,Sonido
grúa,Máquina
guacamole,Salsa
guante,Prenda
guardaespaldas,Persona
guardarropa,Mueble
guardia,Persona
guardián,Persona
guarida,Lugar
guarismo,Cantidad
guau,Expresión
guerrillero,Persona
guitarra,Música
guitarrista,Persona
guión,Escrito
gusto,Capacidad
gusto,Inclinación
gusto,Placer
gusto,Sabor
guía,Manual
guía,Persona
guía,Vara
gónada,Glándula
haber,Bienes
haber,Tener
habilitación,Financiamiento
habitación,Lugar
habituar,Hacer
hablador,Persona
hacer,Expresión
hacha,Herramienta
hagiógrafo,Autor
halogenación,Proceso
hambre,Sensación
harina,Polvo
hechicero,Persona
heliófita,Planta
hematoma,Lesión
hematozoario,Parásito
hembrilla,Lazo
hemiplejia,Parálisis
hemíptero,Insecto
henequenero,Persona
henequén,Fibra
heraldo,Persona
heredero,Persona
hereje,Persona
hermano,Persona
heroica,Droga
heroína,Droga
herrero,Hombre
heteropoliácido,Ácido
hidroavión,Avión
hidroeléctrica,Instalación
hidrología,Ciencia
hidrácido,Sustancia
hierba,Persona
hierbero,Persona
hijo,Persona
hilera,Pieza
himenóptero,Insecto
hinchar,Hacer
hindú,Persona
hipnotista,Persona
hipocorístico,Forma
hippie,Persona
hipérbola,Línea
hipócrita,Persona
histamina,Sustancia
historia,Disciplina
historiador,Persona
hockey,Juego
hoguera,Fuego
hombre,Buzo
hombre,Persona
hombrera,Cojincillo
homicida,Persona
homosexual,Persona
honor,Dignidad
honorarios,Pago
horizonte,Línea
hormiguero,Lugar
horqueta,Soporte
horquilla,Herramienta
horticultor,Persona
hospedaje,Alojamiento
hotelero,Persona
huave,Lengua
hueco,Espacio
hueco,Tiempo
huelguista,Persona
huella,Resto
hueva,Masa
huevo,Célula
hulero,Persona
humanizar,Hacer
humor,Capacidad
humor,Sustancia
humorista,Persona
hundir,Hacer
huérfano,Fracción
huésped,Persona
hábito,Disciplina
hábito,Vestido
hélice,Espiral
héroe,Persona
ibero,Lengua
ibérico,Lengua
identidad,Signo
idiota,Persona
idólatra,Persona
ignición,Dispositivo
ignorancia,Desconocimiento
igualar,Hacer
igualdad,Expresión
ilegal,Inmigrante
ilion,Hueso
iluminación,Técnica
ilusionista,Mago
imagen,Opinión
imago,Insecto
imitador,Actor
impacientar,Hacer
impacto,Huella
impedimento,Cosa
impedir,Hacer
implicado,Persona
implicar,Hacer
imponderable,Acontecimiento
imponer,Hacer
impulsar,Hacer
impulso,Fuerza
imán,Atracción
imán,Cuerpo
incendio,Fuego
incentivo,Algo
incidencia,Repercusión
incidente,Contratiempo
inclinación,Dirección
incondicional,Persona
inconveniente,Cosa
incrementar,Hacer
inculpado,Persona
indefinido,Artículo
indefinido,Pronombre
indeterminado,Artículo
indigente,Persona
indio,Persona
individualismo,Actitud
indocumentado,Persona
indoeuropeo,Lengua
inducir,Hacer
inducir,Provocar
industrial,Persona
indígena,Persona
inercia,Fuerza
infantería,Tropa
infidelidad,Acto
informador,Persona
informante,Persona
informar,Hacer
infracción,Acto
infusión,Líquido
ingeniero,Persona
ingenio,Lugar
inglés,Lengua
iniciado,Persona
iniciador,Persona
iniciativa,Cualidad
inmigrante,Persona
inmortalizar,Hacer
inmunidad,Privilegio
inmunizar,Hacer
innovación,Cosa
inquilino,Parásito
inquilino,Persona
insecticida,Sustancia
insecto,Clase
insectívoro,Orden
insignia,Distintivo
insignia,Objeto
inspector,Persona
inspirar,Hacer
instancia,Institución
instantánea,Fotografía
instinto,Facilidad
instructor,Persona
instrumentista,Músico
instrumento,Objeto
insulto,Acción
insurgente,Persona
integrar,Hacer
intelectual,Persona
inteligencia,Facultad
intemperismo,Daño
intención,Propósito
intendente,Persona
intento,Acto
intento,Esfuerzo
interesado,Persona
interesar,Hacer
interferencia,Efecto
interferencia,Fenómeno
intermediario,Persona
internacionalismo,Doctrina
internista,Médico
interno,Persona
interruptor,Aparato
intersticio,Tiempo
interés,Ganancia
intoxicación,Envenenamiento
introducir,Hacer
intruso,Persona
intérprete,Persona
invento,Cosa
inventor,Persona
inversionista,Persona
invertebrado,Animal
investigador,Persona
invitado,Persona
ion,Átomo
ir,Exclamación
iridácea,Familia
irregularidad,Comportamiento
irresponsable,Persona
isométrico,Dibujo
isóptero,Insecto
isótopo,Cuerpo
italiano,Lengua
jabalina,Arma
jabón,Sustancia
japonés,Lengua
jardinero,Persona
jarro,Tubo
jaulero,Ratero
jefatura,Oficina
jefe,Persona
jerarca,Persona
jesuita,Religioso
jet,Avión
jinete,Persona
joder,Expresiones
joloche,Hoja
jornada,Tiempo
jornal,Salario
jornalero,Persona
jorobado,Persona
joven,Persona
joyería,Lugar
jubilación,Dinero
juego,Actividad
juego,Actividades
juego,Hacer
juego,Plan
jugador,Persona
jugo,Líquido
juguete,Objeto
juicio,Comprensión
juicio,Opinión
juicio,Proceso
junior,Hijo
junta,Pieza
junta,Unión
juntar,Hacer
jurista,Persona
justo,Persona
juzgado,Lugar
juzgador,Persona
la,Indica
laboratorista,Persona
labrador,Persona
labriego,Persona
laca,Sustancia
lacayo,Persona
ladrón,Enchufe
ladrón,Persona
lady,Lesbiana
laja,Piedra
lama,Estiércol
lanchero,Persona
lanzadardos,Arma
lanzar,Hacer
lapicero,Utensilio
lapidario,Persona
lapso,Tiempo
largo,Expresión
las,Indica
lata,Molestia
latencia,Tiempo
latifundista,Persona
lavadero,Lugar
lavado,Líquido
lavandero,Persona
lavar,Aparentar
lavativa,Utensilio
lazador,Persona
lección,Enseñanza
lechada,Suerte
lechero,Persona
lectura,Escrito
legado,Persona
lema,Proposición
lengua,Sistema
lepidóptero,Insecto
lesionado,Persona
lesión,Daño
letra,Documento
letra,Escritura
letra,Signo
leva,Pieza
levantado,Persona
lexema,Morfema
lexicología,Disciplina
lexicógrafo,Persona
ley,Norma
libertad,Posibilidad
libertador,Persona
libertino,Persona
libre,Posibilidad
librero,Mueble
librero,Persona
libreto,Texto
licencia,Permiso
licenciado,Persona
licenciatura,Título
licuado,Bebida
lideresa,Mujer
liga,Relación
lija,Cartón
limosna,Dinero
limosnero,Persona
limpia,Acto
limpiado,Trabajo
linde,Línea
lingüista,Persona
lingüística,Ciencia
lino,Fibra
linotipista,Persona
liquen,Planta
lirismo,Cualidad
lisérgico,Sustancia
literato,Persona
literatura,Arte
litigante,Persona
liturgo,Sacerdote
llamado,Persona
llave,Dispositivo
llave,Instrumento
llave,Medio
llave,Símbolo
llavero,Utensilio
lleno,Asistencia
llevar,Hacer
locatario,Persona
loco,Persona
locomotora,Vehículo
locutor,Persona
logaritmo,Exponente
lonchería,Establecimiento
lorantácea,Familia
los,Indica
los,Señala
lubricante,Sustancia
lucha,Esfuerzo
luchador,Persona
lugar,Antes
lugarteniente,Persona
luna,Parte
lunada,Fiesta
lustre,Brillo
luto,Periodo
luz,Hacer
luz,Impedir
lágrima,Secreción
lámpara,Artefacto
léxico,Obra
líder,Persona
límite,Momento
línea,Dirección
línea,Señal
lógica,Disciplina
lógico,Persona
machetero,Persona
machetero,Peón
machincuepa,Voltereta
macho,Hombre
macizo,Persona
madame,Mujer
madre,Exclamación
madre,País
madre,Título
madrina,Individuo
madrina,Mujer
madrina,Tráiler
maestro,Albañil
maestro,Persona
mafioso,Delincuente
mafioso,Persona
mago,Persona
mahometano,Persona
majestad,Tratamiento
mal,Enfermedad
malabar,Persona
malabarista,Persona
malacate,Aparato
maleante,Persona
malecón,Muro
maleficio,Mal
malhechor,Persona
mamada,Tontería
mamila,Recipiente
manantial,Lugar
manazo,Golpe
mancha,Cosa
mandar,Expresar
mandar,Hacer
mando,Capacidad
manejador,Persona
manejar,Hacer
manga,Utensilio
manicurista,Persona
mano,Trabajo
mantenido,Persona
manómetro,Instrumento
maquinista,Persona
marchante,Persona
marchitar,Hacer
marco,Armazón
mariguano,Persona
marinado,Tratamiento
marinero,Persona
marino,Militar
marioneta,Muñeco
maroma,Vuelta
marsupio,Bolsa
maría,Árbol
masa,Resistencia
masajista,Persona
mascar,Sospechar
mascarilla,Máscara
matadero,Lugar
matador,Torero
matemática,Ciencia
matemático,Persona
materialista,Persona
matriz,Molde
matrona,Mujer
matón,Persona
maya,Lengua
mayo,Lengua
mayonesa,Salsa
mayúscula,Letra
maña,Habilidad
mañana,Despedida
meandro,Curva
meca,Lugar
mecanicismo,Doctrina
mecanógrafo,Persona
mecánico,Persona
media,Cantidad
medianoche,Momento
medianía,Punto
medianía,Situación
medicamento,Sustancia
medicina,Ciencia
medidor,Aparato
medidor,Instrumento
mediero,Campesino
meditación,Reflexión
mejorador,Persona
memorandum,Libreta
memoria,Escrito
mención,Reconocimiento
mendigo,Persona
menisco,Lente
menonita,Persona
menor,Persona
mercader,Persona
mercadería,Cosa
mercado,Lugar
merced,Gracia
mercenario,Soldado
merecido,Castigo
meritorio,Persona
merolico,Persona
mesero,Persona
mesófita,Planta
metaloide,Elemento
metalurgia,Ciencia
metano,Hidrocarburo
meteorología,Ciencia
meteorólogo,Persona
meter,Hacer
meter,Lograr
metrópoli,País
mexicano,Persona
mezcla,Materia
microbiología,Ciencia
micrófono,Aparato
miedo,Sensación
miembro,Individuo
militar,Persona
milpa,Tierra
mimetismo,Propiedad
mimo,Persona
mina,Arma
mineral,Parte
mineralogía,Ciencia
minero,Persona
ministro,Persona
minúscula,Letra
mira,Objetivo
mirón,Persona
misionero,Persona
misión,Encargo
misión,Tarea
miss,Tratamiento
mixiote,Platillo
moción,Propuesta
moco,"Pene,"
modelo,Objeto
modernizar,Hacer
modestia,Sentimiento
modista,Persona
mofle,Dispositivo
mojado,Persona
mojar,Hacer
mojón,Piedra
mole,Platillo
molinete,Señal
molino,Construcción
molino,Instrumento
molleja,Carnosidad
monarquía,Tiempo
monosabio,Mozo
monotrema,Mamífero
monstruo,Persona
monstruo,Ser
montera,Gorra
montón,Cuidado
monumento,Obra
monóxido,Óxido
morador,Persona
moralista,Persona
moralizar,Hacer
mordedura,Herida
mordente,Sustancia
morfosintaxis,Parte
moro,Danza
mortaja,Hueco
mortificación,Asunto
mortificación,Castigo
moscatel,Vino
mostrar,Hacer
motivación,Cosa
motociclismo,Deporte
motor,Aparato
mover,Hacer
movilidad,Capacidad
mozo,Persona
mucama,Mujer
muchacha,Sirvienta
muchacho,Persona
mucosa,Membrana
mudéjar,Arte
mudéjar,Musulmán
muela,Diente
muestra,Modelo
mujeriego,Hombre
mula,Animal
mulato,Persona
mulero,Persona
multiplicador,Número
murmuración,Dicho
musgo,Clase
musicología,Disciplina
musulmán,Persona
mutis,Indicación
mánager,Persona
mártir,Persona
máscara,Cubierta
médico,Persona
ménsula,Elemento
método,Libro
mío,Indica
mística,Ideal
místico,Persona
módulo,Dimensión
música,Chiflido
músico,Persona
nacionalizar,Hacer
nadador,Persona
nagual,Animal
nagual,Persona
nahuatlato,Persona
naipe,Tarjeta
nana,Mujer
narcotraficante,Persona
narcótico,Sustancia
nariz,Encontrar
narrador,Persona
nata,Residuo
natación,Deporte
natural,Persona
naturalismo,Actitud
naufragio,Embarcación
naval,Lugar
navegante,Persona
nazareno,Persona
necio,Persona
negar,Decir
negar,Prohibir
negociante,Persona
negocio,Establecimiento
neurona,Célula
neurotrofia,Regulación
neurálgico,Lugar
neurólogo,Médico
nevería,Establecimiento
nexo,Palabra
nicho,Papel
nido,Lugar
nido,Refugio
nieve,Dulce
nitrato,Compuesto
nitrocelulosa,Sustancia
nitrofurano,Sustancia
nivel,Punto
niño,Persona
noble,Persona
noche,Saludo
nodriza,Hembra
nodriza,Mujer
norma,Criterio
normalizar,Hacer
nosotros,Indica
nota,Papel
noticia,Informe
noviazgo,Relación
novicio,Persona
novillero,Persona
novio,Persona
nube,Masa
nublazón,Nublado
nudo,Abultamiento
nueve,Número
náufrago,Persona
náusea,Repugnancia
núcleo,Palabra
o,Advierte
o,Señala
objeción,Derecho
objeto,Aquello
obligar,Hacer
obra,Objeto
obrero,Persona
obsequio,Objeto
observador,Persona
obstáculo,Cosa
oceanografía,Ciencia
oceanógrafo,Persona
ocho,Número
octano,Unidad
ocupante,Persona
ocurrencia,Cosa
ofertorio,Canto
oficial,Militar
oficial,Persona
oficialía,Oficina
oficiante,Persona
oficinista,Empleado
oficio,Función
ofrenda,Objeto
ofrendante,Persona
ofuscar,Provocar
ogro,Persona
ojiva,Arco
ojo,Agujero
oleaginoso,Planta
olán,Adorno
once,Número
onda,Corriente
onda,Movimiento
opacar,Hacer
opción,Facultad
operador,Persona
opio,Sustancia
orador,Persona
orbital,Órbita
orden,Honor
ordenanza,Soldado
ordeñador,Persona
orfebre,Persona
organicismo,Doctrina
organizador,Persona
orgía,Reunión
orientación,Capacidad
ornamento,Adorno
ornato,Adorno
oruga,Vehículo
oscilógrafo,Instrumento
osteíctio,Pez
otorgante,Persona
ovoide,Balón
ovíparo,Animal
oxácido,Ácido
oyente,Persona
ozono,Oxígeno
pabellón,Velo
paciente,Persona
pacifista,Persona
pacto,Acuerdo
padre,Hombre
padre,Título
padrino,Hombre
padrote,Hombre
paisaje,Conjunto
pala,Máquina
palabra,Asegurarle
paladín,Persona
palanca,Barra
palanca,Influencia
palanca,Manija
paletería,Establecimiento
palma,Familia
palmada,Ruido
palmácea,Planta
palo,Intento
palo,"Árbol,"
paloma,Dibujo
paloma,Trazo
pambazo,Antojito
panadero,Persona
pandemia,Fenómeno
pandillero,Persona
panel,Camioneta
panorama,Aspecto
pantalla,Objeto
panza,Platillo
papa,Sobrenombre
papada,Piel
papel,Función
papel,Hoja
papelito,Expresión
papirola,Figura
par,Elemento
paradoja,Contradicción
paralelismo,Relación
paralelogramo,Cuadrilátero
paramédico,Persona
parar,Impedir
parentesco,Relación
paria,Persona
paridero,Lugar
parlamentario,Persona
parlamento,Lugar
parrilla,Armazón
parte,Noticia
partero,Persona
participante,Persona
partición,Parte
parábola,Línea
parásito,Ruido
paréntesis,Enunciado
pasa,Uva
pasado,Tiempo
pasador,Varilla
pasaje,Dinero
pasajero,Persona
pasante,Persona
pasaporte,Documento
pasar,Hacer
pase,Documento
pase,Movimiento
paso,Espacio
pastel,Platillo
pastelería,Establecimiento
pastor,Hombre
pastor,Persona
pata,Arrugas
patada,Golpe
patente,Derecho
patente,Privilegio
patinaje,Deporte
patria,País
patriarca,Hombre
patriota,Persona
patronato,Corporación
patrono,Persona
patrón,Objeto
patrón,Persona
patín,Juguete
pay,Pastel
payaso,Persona
país,Territorio
paño,Persona
pañuelo,Prenda
peaje,Pago
peatón,Persona
pecado,Acto
pecador,Persona
pectina,Sustancia
pedagogo,Persona
pedagogía,Disciplina
pedicurista,Persona
pedología,Ciencia
pegamento,Sustancia
pegar,Hacer
peinado,Arreglo
peine,Utensilio
pelado,Persona
pelaje,Pelo
peletería,Tienda
pelota,Hacer
peluquero,Persona
pelón,Persona
pena,Castigo
pena,Vergüenza
penalidad,Castigo
pendejada,Tontería
penetración,Capacidad
pensador,Persona
pensamiento,Capacidad
pentecostal,Persona
pepenador,Persona
pepenche,Persona
percance,Accidente
percepción,Dinero
percha,Gancho
percha,Palo
percutor,Pieza
perdonar,Permitir
peregrinación,Viaje
peregrino,Persona
perfección,Cosa
perfectivo,Aspecto
perfil,Línea
perforado,Aspecto
perfume,Sustancia
perfumería,Establecimiento
perilla,Barba
periodista,Persona
periodo,Tiempo
perito,Persona
permeabilidad,Propiedad
permisionario,Persona
perpetuar,Hacer
persistencia,Fenómeno
persona,Individuo
personaje,Persona
personalidad,Persona
pertenencia,Cosas
perífrasis,Construcción
pescador,Persona
pesquisa,Búsqueda
pestaña,Borde
petroquímica,Industria
peyote,Cactus
pezón,Rabito
peón,Persona
pial,Lazada
pianista,Persona
pianola,Piano
pica,Carta
picapedrero,Persona
picapleitos,Persona
pick up,Camioneta
pie,Indicación
pigmento,Sustancia
pila,Recipiente
pilar,Columna
pimienta,Fruto
pincelada,Trazo
ping pong,Juego
pinnípedo,Mamífero
pintor,Persona
pintura,Obra
pinza,Pliegue
pionero,Persona
piqué,Paso
pirata,Navegante
pirinda,Matlatzinca
pirinola,Juguete
pisada,Huella
pisada,Sentir
pistola,Herramienta
pistolero,Hombre
plagiario,Persona
plaguicida,Sustancia
planisferio,Mapa
plano,Dibujo
plano,Superficie
plantador,Persona
plasticidad,Capacidad
plasticidad,Propiedad
platero,Persona
platería,Lugar
plaza,Puesto
plebeyo,Persona
plegar,Hacer
pliego,Impreso
plomada,Pesa
plomero,Hombre
plomo,Pesa
plural,Número
pluralismo,Doctrina
plusvalía,Diferencia
plática,Conferencia
poco,Expresión
podadora,Máquina
poder,Capacidad
poeta,Persona
polarización,Alteración
polarizar,Proceso
polea,Rueda
politología,Disciplina
politólogo,Persona
poliácido,Base
polvera,Cajita
político,Persona
pompa,Burbuja
ponderación,Énfasis
ponente,Persona
poner,Hacer
por,Signo
porcentaje,Relación
porción,Parte
porrista,Persona
porro,Persona
portador,Persona
portaviandas,Utensilio
porte,Peso
porte,Precio
poseedor,Persona
posesión,Objeto
posible,Hacer
posición,Lugar
posta,Establo
posta,Lugar
postor,Persona
postulado,Proposición
postura,Precio
potencia,Capacidad
poza,Agujero
pozo,Tortura
practicante,Persona
precocidad,"Madurez,"
predecesor,Individuo
predicador,Persona
predicamento,Situación
predilección,Preferencia
predisponer,Lograr
preferir,Decidir
prefijo,Morfema
pregón,Anuncio
prehistoria,Disciplina
premeditación,Planeación
premio,Objeto
prenda,Objeto
prendedor,Adorno
prender,Hacer
prensa,Máquina
preparado,Medicamento
presentación,Apariencia
presentimiento,Sensación
preservativo,Sustancia
presidente,Persona
presión,Esfuerzo
presión,Fuerza
preso,Persona
prestamista,Persona
prestanombres,Individuo
presunción,Principio
presupuesto,Cálculo
pretendido,Persona
pretendiente,Persona
pretérito,Forma
prevención,Cálculo
prever,Anticipar
prima,Cantidad
princesa,Mujer
prisionero,Persona
privado,Lugar
privar,Hacer
privilegio,Permiso
probabilidad,Relación
problema,Planteamiento
prociónido,Familia
procurador,Abogado
procurador,Persona
producto,Cantidad
productor,Persona
profesional,Persona
profesionalismo,Carácter
profesionista,Persona
profesor,Persona
profeta,Persona
profundidad,Distancia
programador,Persona
prohibición,Declaración
prohijar,Permitir
proletario,Persona
promedio,Resultado
promesa,Persona
prometido,Persona
promotor,Persona
promover,Hacer
pronunciamiento,Anuncio
pronóstico,Anuncio
propaganda,Cosa
propagar,Hacer
propiedad,Derecho
propina,Dinero
propio,Expresión
propio,Mensajero
propulsión,Fuerza
propulsión,Impulso
propósito,Voluntad
prospecto,Persona
prostituta,Mujer
prosélito,Persona
protagonista,Persona
protegido,Persona
protocordado,Grupo
prototipo,Persona
providencia,Cuidado
provisión,Reserva
provocar,Hacer
proyección,Operación
proyectil,Objeto
proyectista,Persona
proyecto,Idea
proyector,Aparato
prueba,Impresión
práctico,Hombre
práctico,Marino
prólogo,Cosa
prólogo,Escrito
psicoanalista,Persona
psicoanálisis,Disciplina
psicodinámica,Disciplina
psicofisiología,Disciplina
psicología,Ciencia
psicoterapeuta,Psicólogo
psicólogo,Persona
psicótico,Persona
pss,Expresión
pubis,Hueso
publicista,Persona
puchero,Gesto
puchero,Platillo
pudor,Vergüenza
pueblo,Población
puente,Elemento
puente,Tablilla
puerco,Persona
puerta,Impedir
puesto,Lugar
puja,Oferta
pulga,Insecto
pulpa,Pasta
puntal,Estaca
puntapié,Golpe
puntera,Protección
puntero,Sembrador
punto,Signo
purga,Medicamento
purgante,Medicina
puta,Mujer
puñetazo,Golpe
pánico,Miedo
párroco,Sacerdote
póster,Cartel
queda,Tiempo
quejido,Ruido
quemadura,Lesión
quemón,Prueba
querella,Motivo
quicio,Hacer
quiebra,Situación
quilópodo,Miriápodo
quince,Fiesta
quince,Número
quincena,Salario
quitar,Hacer
quitar,Impedir
química,Ciencia
química,Disciplina
químico,Persona
rabo,Ángulo
racimo,Medida
racionalidad,Cualidad
radar,Aparato
ramilla,División
ranchero,Persona
rancho,Comida
rapto,Delito
rasgo,Acto
rasgueo,Ruido
raspador,Instrumento
rastreador,Instrumento
rastrillo,Herramienta
rastrillo,Instrumento
rata,Persona
ratón,Roedor
raya,Línea
razón,Aceptar
razón,Cociente
razón,Justificación
raíz,Propiedades
reacción,Aquella
reacción,Respuesta
reactividad,Capacidad
reactivo,Sustancia
reactor,Aparato
reactor,Avión
realismo,Actitud
realizador,Persona
realzar,Hacer
reanimar,Hacer
rebelde,Persona
reblandecer,Hacer
rebuzno,Tontería
rebuzno,Voz
recamarera,Mujer
rechinar,Hacer
rechinido,Ruido
recibo,Documento
recipiente,Utensilio
recitador,Persona
reclamo,Sonido
recluta,Persona
recogido,Niño
recolector,Persona
recompensa,Cosa
recompensa,Dinero
reconocer,Aceptar
reconvención,Facultad
record,Hecho
recordar,Hacer
recordatorio,Aviso
recorte,Crítica
recorte,Quiebre
recreación,Actividad
recreo,Pausa
recta,Línea
rector,Persona
recuerdo,Objeto
recuperar,Hacer
recurrente,Persona
recíproco,Oración
redactor,Persona
redonda,Nota
redondear,Hacer
refacción,Pieza
refajo,Falda
referencia,Informe
reflejo,Destello
reflejo,Imagen
reforzar,Hacer
refractar,Hacer
refrigerante,Sustancia
refugiado,Persona
refugio,Lugar
regadera,Utensilio
regalo,Cosa
regalías,Retribución
regazo,Lugar
regenerar,Hacer
regente,Persona
registro,Institución
registro,Oficina
regresar,Hacer
regular,Hacer
regularizar,Hacer
rehabilitar,Hacer
reina,Mujer
reiniciar,Hacer
reja,Zurcido
rejeguero,Persona
rejilla,Caja
relación,Narración
relativo,Palabra
relator,Persona
relevo,Persona
relieve,Parte
religioso,Persona
rellena,Embutido
relleno,Cosa
reloj,Instrumento
relojería,Tienda
remiendo,Reparación
remitente,Persona
remo,Caballo
remuneración,Pago
renacentista,Persona
renovar,Hacer
rentabilidad,Beneficio
reo,Persona
reparación,Compensación
reparador,Persona
reparo,Objeción
reportero,Periodista
represa,Construcción
represalia,Acción
representado,Persona
representante,Persona
repuesto,Objeto
repulsión,Propiedad
república,País
res,Gallo
resabio,Resto
rescate,Estrategia
rescate,Precio
resecar,Hacer
reserva,Territorio
resguardo,Vigilancia
residencia,Casa
residencia,Permiso
resina,Sustancia
resistencia,Dispositivo
resolución,Decisión
resonancia,Sonido
respuesta,Cosa
respuesta,Solución
restablecer,Hacer
restaurantero,Empresario
resto,Parte
resucitar,Hacer
retinto,Ladrón
retraer,Hacer
retrospectiva,Exposición
revelador,Sustancia
reventador,Persona
revés,Golpe
rey,Hombre
rezago,Retraso
rezandero,Persona
ribete,Compensación
riflero,Soldado
rivalidad,Enemistad
rizópodo,Protozoario
riñón,Aparato
riñón,Recipiente
roca,Bloque
rodar,Dejar
roedor,Orden
rol,Calendario
rollo,Cilindro
romana,Instrumento
rombo,Paralelogramo
romboide,Paralelogramo
romero,Persona
rompecabezas,Pasatiempo
romper,Hacer
ronda,Canción
ronda,Trayecto
ronquido,Ruido
roto,Persona
rubiácea,Familia
ruborizar,Hacer
ruina,Parte
rumano,Lengua
rumbo,Camino
rumiante,Mamífero
rumor,Noticia
rural,Persona
ruta,Camino
ráyido,Pez
rédito,Interés
réplica,Objeción
sabino,Caballo
sablazo,Golpe
sabor,Sensación
saborizante,Sustancia
sabotaje,Daño
sacacorchos,Instrumento
sacagüil,Platillo
sacar,Expresión
sacar,Hacer
sacar,Lograr
safari,Excursión
sal,Compuesto
salchicha,Perro
saldo,Cantidad
salida,Paseo
salida,Solución
saliente,Parte
salterio,Libro
salvar,Lograr
sanguijuela,Persona
santoral,Libro
santuario,Templo
sapotácea,Familia
sastre,Persona
satisfacer,Hacer
saturación,Método
satélite,Aparato
se,Indica
sección,Corte
sección,Figura
secesión,División
secretario,Persona
secuestrador,Persona
seda,Hilo
sedición,Acción
seguimiento,Actividad
seguro,Instrumento
semana,Tiempo
semanario,Publicación
sembrador,Persona
sembradío,Terreno
seminario,Lugar
sendos,Indica
sensibilizar,Hacer
sensor,Dispositivo
sentar,Hacer
sentido,Comprensión
sentimiento,Capacidad
sentir,Expresión
sentir,Opinión
separador,Objeto
separar,Hacer
septum,Tabique
sereno,Expresión
serio,Persona
serrucho,Herramienta
servicio,Trabajo
servidor,Persona
sesquicentenario,Aniversario
seto,Tejido
seudónimo,Nombre
seña,Aquellas
seña,Gesto
señal,Marca
shah,Título
sibarita,Persona
siderurgia,Industria
siderúrgica,Planta
sierra,Herramienta
siervo,Persona
silicio,Elemento
silla,Asiento
silla,Corte
silueta,Forma
simpatía,Influencia
simplicidad,Cualidad
simplificar,Hacer
sindicalizar,Hacer
singular,Número
sinonimia,Relación
sinvergüenza,Persona
sirvienta,Mujer
sirviente,Hombre
sistematicidad,Propiedad
sitio,Cerco
sitio,Lugar
situación,Posición
sobras,Aquello
sobre,Indica
sobrecargo,Persona
sobrenombre,Nombre
soccer,"Futbol,"
sociología,Ciencia
sociólogo,Persona
solanácea,Familia
solapar,Permitir
soldadera,Mujer
soldado,Persona
soldador,Persona
soldadura,Material
soldadura,Proceso
solicitante,Persona
solidaridad,Relación
solo,Paso
soltar,Dejar
solución,Interrupción
solución,Respuesta
sombra,Maquillaje
sombrilla,Objeto
someter,Hacer
sonar,Aparato
sonda,Instrumento
sondeo,Perforación
soneto,Poema
sonrojar,Hacer
sopa,Expresión
sopa,Platillo
soplo,Fuerza
soplón,Estudiante
soplón,Persona
soporte,Cosa
soprano,Persona
sor,Tratamiento
sordomudo,Persona
sortija,Aro
sosegar,Hacer
sospechoso,Persona
sostén,Persona
sotol,Aguardiente
souvenir,Objeto
suavizar,Hacer
subalterno,Persona
subalterno,Torero
subarrendatario,Persona
subdirector,Persona
subjefe,Persona
sublevar,Hacer
subliderato,Posición
submarino,Embarcación
subsecretario,Persona
subsuelo,Terreno
subtesorero,Persona
subtropical,Aquel
subvertir,Hacer
sucesor,Persona
sudadero,Manta
sudor,Gotas
suelo,Superficie
sufijo,Morfema
sufragio,Voto
suicida,Persona
sulfonación,Proceso
sulfuro,Compuesto
sumergir,Hacer
supercarretera,Carretera
superior,Persona
supernova,Estrella
supersticioso,Persona
suplemento,Cosa
suplemento,Parte
suponer,Creer
sur,Viento
surco,Carril
suscrito,Persona
suspensivo,Acto
sustantivar,Hacer
sustituto,Cosa
sustituto,Persona
sustraendo,Cantidad
suyo,Indica
swing,Baile
sílex,Mineral
síntesis,Operación
síntesis,Proposición
súplica,Petición
tabacalero,Persona
tactismo,Movimiento
talabartería,Establecimiento
talento,Capacidad
talismán,Objeto
tallada,Esfuerzo
taller,Lugar
tamal,Alimento
tambor,Persona
tantito,Peor
tapa,Capa
tapa,Pieza
tapado,Gallo
tapanco,Piso
tapar,Evitar
taquígrafo,Persona
tarasco,Lengua
tarde,Saludo
tarea,Trabajo
tatema,Carne
taxista,Persona
taxímetro,Aparato
techador,Persona
tejedor,Persona
tejedora,Máquina
tejido,Labor
tela,Producto
tela,Tejido
telar,Estructura
telaraña,Tela
telefonema,Mensaje
telegrafista,Persona
telera,Palo
teleteatro,Teatro
televidente,Persona
televisora,Estación
teleósteo,Grupo
teleósteo,Pez
temblor,Vibración
temple,Capacidad
temporal,Músculo
tendencia,Dirección
tendero,Persona
tendido,Muerto
tenedor,Persona
tensor,Músculo
tentación,Deseo
tentar,Hacer
tepestate,Batea
tequio,Trabajo
terapeuta,Persona
tercero,Persona
terceto,Estrofa
terciar,Tener
terminología,Disciplina
termómetro,Instrumento
terraja,Herramienta
terrateniente,Persona
territorio,Zona
tesis,Trabajo
tesorero,Persona
tesoro,Diccionario
testador,Persona
testigo,Persona
testimonio,Cosa
testimonio,Declaración
texto,Libro
teólogo,Persona
teórico,Persona
tienta,Prueba
tierra,Lugar
tijera,Tiro
timbre,Mecanismo
timo,Robo
tinta,Líquido
tintorero,Persona
tintorería,Establecimiento
tipo,Objeto
tira,Persona
tirabuzón,Instrumento
tiradero,Lugar
tirador,Persona
tiranía,Gobierno
tiro,Disparo
tiro,Pleito
tiroxina,Hormona
tirón,Esfuerzo
titulado,Persona
titán,Persona
tlacololero,Campesino
tlaxcalteco,"Tlaxcalteca,"
tobillera,Calcetín
tocadiscos,Aparato
tocotín,Danzante
todo,Indica
toldo,Cubierta
tolerancia,Capacidad
tolerar,Dejar
tono,Intervalo
tonto,Aparentar
tope,Golpe
topógrafo,Persona
toque,Aspiración
torero,Persona
torno,Máquina
torpedo,Proyectil
torta,Pan
tortilla,Alimento
tortillera,Mujer
tortillero,Persona
tortillería,Establecimiento
tortillita,Juego
torturado,Persona
trabajador,Persona
traducción,Versión
traducir,Hacer
traductor,Persona
traficante,Persona
traición,Acto
traje,Indumentaria
traje,Vestido
traje,Vestimenta
tramo,Espacio
trampa,Engaño
transeúnte,Persona
transformar,Hacer
transmisión,Mecanismo
transparentar,Permitir
transposición,Fenómeno
transposición,Operación
traspaso,Cesión
trastero,Alacena
tratadista,Persona
tratado,Documento
trazo,Línea
trece,Número
trepador,Pájaro
tres,Número
tributo,Pago
tributo,Reconocimiento
trilladora,Máquina
trimestre,Cantidad
trino,Adorno
trinquete,Fraude
triple,Vacuna
tripulante,Persona
triunfador,Persona
trofeo,Objeto
trombón,Persona
trompeta,Persona
tropiezo,Dificultad
trovador,Persona
trovador,Poeta
tuerca,Instrumento
tumor,Bulto
tunda,Golpiza
turbina,Motor
turista,Persona
turrón,Dulce
tusadero,Lugar
tuyo,Indica
té,Bebida
técnico,Persona
término,Posición
tímido,Persona
título,Nombre
tónica,Característica
tónico,Medicamento
u,Forma
unificar,Hacer
uniformar,Hacer
unir,Hacer
unión,Operación
unión,Pieza
urbanista,Persona
usuario,Persona
usurero,Persona
utilidad,Ganancia
uñeta,Uña
vaca,Dinero
vacacionista,Persona
vacío,Hacer
vaho,Vapor
vainica,Deshilado
valer,Expresión
valla,Lugar
valor,Documentos
valor,Precio
valor,Propiedad
vampiro,Bebida
vampiro,Cadáver
vaquero,Persona
variable,Aquella
variable,Factor
variar,Hacer
variedad,Diferencia
vasallaje,Tributo
vasco,Lengua
vecindad,Casa
vecindario,Lugar
vecino,Persona
vector,Agente
vector,Magnitud
vehículo,Máquina
veinte,Número
veintiuno,Número
vejiga,Ampolla
vela,Moco
veladora,Lámpara
velocidad,Relación
vencedor,Persona
vendedor,Persona
veneno,Sustancia
ventilador,Aparato
ventilar,Hacer
ventosa,Robo
ventrílocuo,Persona
verbo,Aquel
verdugo,Hombre
verdugo,Toro
veredicto,Decisión
verso,Poema
vertebrado,Animal
vertedero,Lugar
verónica,Lance
vestido,Prenda
veterinaria,Ciencia
veterinario,Persona
veto,Derecho
viaje,Ida
viaje,Recorrido
vicepresidente,Persona
viciar,Hacer
vicio,Defecto
vicisitud,Acontecimiento
vida,Tiempo
vidente,Persona
video,Cassette
video,Conector
videocassettera,Aparato
vidrio,Aquel
vigilante,Persona
villano,Persona
vino,Bebida
viola,Instrumento
viola,Persona
violación,Acto
violentar,Hacer
violinista,Persona
violoncellista,Persona
violoncello,Persona
violín,Persona
virreinato,Tiempo
virrey,Persona
visa,Permiso
viscosa,Sustancia
visera,Protector
visita,Persona
visitante,Ladrón
visitante,Persona
vista,Persona
visto,Aprobación
vivero,Lugar
vivir,Pregunta
vizconde,Persona
vocal,Fonema
vocero,Persona
volcar,Hace
volcán,Conducto
voltear,Hacer
volteón,Recorrido
voluntad,Disposición
voluta,Adorno
volver,Hacer
votante,Persona
voto,Manifestación
voz,Derecho
voz,Persona
voz,Sonido
vuelo,Viaje
vuelto,Dinero
vulcanismo,Teoría
vulcanizador,Persona
vulcanizador,Sustancia
válvula,Acto
válvula,Dispositivo
vándalo,Persona
vía,Procedimiento
víbora,Serpiente
víspera,Tiempo
vómica,Materia
xerófita,Planta
xilógrafo,Persona
yaqui,Lengua
yerbero,Persona
yoduro,Compuesto
yuntero,Persona
zamba,Música
zancuda,Orden
zanja,Surco
zapata,Pieza
zapatero,Persona
zar,Título
zarcillo,Corte
zigofilácea,Familia
zigoto,Huevo
zoque,Lengua
zorrero,Ladrón
zoólogo,Persona
zumo,Líquido
zurcido,Remiendo
¡chin!,Expresión
¡vaya!,Expresión
¡zas!,Expresión
¡órale!,Expresión
ábaco,Artesa
ágape,Banquete
ágata,Línea
águila,Persona
ángel,Expresión
ánimo,Hacer
équido,Animal
éster,Compuesto
índice,Medida
índice,Número
índice,Relación
ñero,Persona
órgano,Agrupación
úlcera,Herida
úrico,Ácido
